{
"lengthUnit": "mil",
"remark": [],
"components": {
	"fields": ["COMPONENT_NO", "COMPONENT_NAME", "LAYER", "X_COORDINATE", "Y_COORDINATE", "ANGLE"],
	"rows": [
		[1, "C1", "B", 630.5072, -95, 0],
		[2, "C2", "B", 646.9735, -805.9882, 90],
		[3, "C3", "B", 456.9735, -805.9882, 270],
		[4, "LED1", "B", 760, -660, 0],
		[5, "LED2", "B", 345, -785, 90],
		[6, "R1", "B", 381.6929, -207.04, 270],
		[7, "R2", "B", 345, -675, 180],
		[8, "R3", "B", 630, -45.748, 180],
		[9, "R4", "T", 342.126, -625, 0],
		[10, "R5", "T", 761.811, -625, 0],
		[11, "SW1", "B", 433.8579, 173.2652, 180],
		[12, "SW2", "B", 670.0784, 173.2652, 180],
		[13, "U1", "T", 550, -280, 0],
		[14, "U2", "B", 551.9735, -805.9882, 90],
		[15, "USB1", "T", 551.9685, -757.5197, 0],
		[16, "PAD1", "B", 647.0472, -95, 0],
		[17, "PAD2", "B", 613.9672, -95, 0],
		[18, "PAD3", "B", 345, -826.35, 0],
		[19, "PAD4", "B", 345, -743.65, 0],
		[20, "PAD5", "B", 742.28, -677.72, 0],
		[21, "PAD6", "B", 777.72, -677.72, 0],
		[22, "PAD7", "B", 777.72, -642.28, 0],
		[23, "PAD8", "B", 612.96, -45.748, 0],
		[24, "PAD9", "B", 647.04, -45.748, 0],
		[25, "PAD10", "T", 359.166, -625, 0],
		[26, "PAD11", "T", 325.086, -625, 0],
		[27, "PAD12", "T", 778.851, -625, 0],
		[28, "PAD13", "T", 744.771, -625, 0],
		[29, "PAD14", "B", 327.96, -675, 0],
		[30, "PAD15", "B", 362.04, -675, 0],
		[31, "PAD16", "B", 381.6929, -224.08, 0],
		[32, "PAD17", "B", 381.6929, -190, 0],
		[33, "PAD18", "T", 275.39, -45.745, 0],
		[34, "PAD19", "T", 275.39, -79.205, 0],
		[35, "PAD20", "T", 275.39, -112.675, 0],
		[36, "PAD21", "T", 275.39, -146.135, 0],
		[37, "PAD22", "T", 315.75, -556.575, 0],
		[38, "PAD23", "T", 550, -556.575, 0],
		[39, "PAD24", "T", 583.46, -556.575, 0],
		[40, "PAD25", "T", 784.25, -556.575, 0],
		[41, "PAD26", "T", 824.61, -146.135, 0],
		[42, "PAD27", "T", 824.61, -112.675, 0],
		[43, "PAD28", "T", 824.61, -45.745, 0],
		[44, "PAD29", "T", 784.25, -3.425, 0],
		[45, "PAD30", "T", 750.79, -3.425, 0],
		[46, "PAD31", "T", 717.32, -3.425, 0],
		[47, "PAD32", "T", 683.86, -3.425, 0],
		[48, "PAD33", "T", 650.39, -3.425, 0],
		[49, "PAD34", "T", 616.93, -3.425, 0],
		[50, "PAD35", "T", 583.46, -3.425, 0],
		[51, "PAD36", "T", 550, -3.425, 0],
		[52, "PAD37", "T", 516.54, -3.425, 0],
		[53, "PAD38", "T", 483.07, -3.425, 0],
		[54, "PAD39", "T", 449.61, -3.425, 0],
		[55, "PAD40", "T", 416.14, -3.425, 0],
		[56, "PAD41", "T", 382.68, -3.425, 0],
		[57, "PAD42", "T", 349.21, -3.425, 0],
		[58, "PAD43", "T", 315.75, -3.425, 0],
		[59, "PAD44", "T", 274.41, -4.405, 0],
		[60, "PAD45", "T", 825.59, -4.405, 0],
		[61, "PAD46", "T", 274.41, -555.585, 0],
		[62, "PAD47", "T", 825.59, -555.585, 0],
		[63, "PAD48", "T", 485.04, -215.035, 0],
		[64, "PAD49", "T", 550, -215.035, 0],
		[65, "PAD50", "T", 614.96, -215.035, 0],
		[66, "PAD51", "T", 485.04, -279.995, 0],
		[67, "PAD52", "T", 550, -279.995, 0],
		[68, "PAD53", "T", 614.96, -279.995, 0],
		[69, "PAD54", "T", 485.04, -344.955, 0],
		[70, "PAD55", "T", 550, -344.955, 0],
		[71, "PAD56", "T", 614.96, -344.955, 0],
		[72, "PAD57", "T", 502.7585, -667.4697, 0],
		[73, "PAD58", "T", 522.4385, -667.4697, 0],
		[74, "PAD59", "T", 542.1285, -667.4697, 0],
		[75, "PAD60", "T", 561.8085, -667.4697, 0],
		[76, "PAD61", "T", 581.4985, -667.4697, 0],
		[77, "PAD62", "T", 620.8685, -667.4697, 0],
		[78, "PAD63", "T", 342.1285, -847.5697, 0],
		[79, "PAD64", "T", 761.8085, -847.5697, 0],
		[80, "PAD65", "T", 761.8085, -690.0897, 0],
		[81, "PAD66", "T", 342.1285, -690.0897, 0],
		[82, "PAD67", "T", 425.9885, -667.4697, 0],
		[83, "PAD68", "T", 457.4785, -667.4697, 0],
		[84, "PAD69", "T", 646.4585, -667.4697, 0],
		[85, "PAD70", "T", 677.9585, -667.4697, 0],
		[86, "PAD71", "T", 275.39, -45.745, 0],
		[87, "PAD71", "B", 275.39, -45.745, 0],
		[88, "PAD72", "T", 275.39, -79.205, 0],
		[89, "PAD72", "B", 275.39, -79.205, 0],
		[90, "PAD73", "T", 275.39, -112.675, 0],
		[91, "PAD73", "B", 275.39, -112.675, 0],
		[92, "PAD74", "T", 275.39, -146.135, 0],
		[93, "PAD74", "B", 275.39, -146.135, 0],
		[94, "PAD75", "T", 315.75, -556.575, 0],
		[95, "PAD75", "B", 315.75, -556.575, 0],
		[96, "PAD76", "T", 824.61, -146.135, 0],
		[97, "PAD76", "B", 824.61, -146.135, 0],
		[98, "PAD77", "T", 824.61, -112.675, 0],
		[99, "PAD77", "B", 824.61, -112.675, 0],
		[100, "PAD78", "T", 824.61, -45.745, 0],
		[101, "PAD78", "B", 824.61, -45.745, 0],
		[102, "PAD79", "T", 784.25, -556.575, 0],
		[103, "PAD79", "B", 784.25, -556.575, 0],
		[104, "PAD80", "T", 825.59, -555.585, 0],
		[105, "PAD80", "B", 825.59, -555.585, 0],
		[106, "PAD81", "T", 274.41, -555.585, 0],
		[107, "PAD81", "B", 274.41, -555.585, 0],
		[108, "PAD82", "T", 274.41, -4.405, 0],
		[109, "PAD82", "B", 274.41, -4.405, 0],
		[110, "PAD83", "T", 825.59, -4.405, 0],
		[111, "PAD83", "B", 825.59, -4.405, 0],
		[112, "PAD84", "B", 514.5685, -754.8032, 0],
		[113, "PAD85", "B", 551.9685, -754.8032, 0],
		[114, "PAD86", "B", 589.3785, -754.8032, 0],
		[115, "PAD87", "B", 514.5685, -857.1732, 0],
		[116, "PAD88", "B", 646.9735, -789.4482, 0],
		[117, "PAD89", "B", 646.9735, -822.5282, 0],
		[118, "PAD90", "B", 456.9735, -822.5282, 0],
		[119, "PAD91", "B", 456.9735, -789.4482, 0],
		[120, "PAD92", "B", 722.2484, 143.7402, 0],
		[121, "PAD93", "B", 617.9084, 143.7402, 0],
		[122, "PAD94", "B", 486.0279, 143.7402, 0],
		[123, "PAD95", "B", 381.6879, 143.7402, 0]
	]
},
"pins": {
	"fields": ["PIN_NO", "PIN_NAME", "PIN_X", "PIN_Y", "LAYER", "PIN_TYPE", "NET_NAME", "NET_TYPE", "PAD_SHAPE", "PAD_SIZEX", "PAD_SIZEY", "HOLE_SIZE", "HOLE_LEN", "PAD_ANGLE"],
	"rows": [
		[1, "C1_1", 613.9672, -95, "B", "SMD", "GND", "GND", "R", 19.685, 21.26, 0, 0, 0],
		[2, "C1_2", 647.0472, -95, "B", "SMD", "$1N16438", "", "R", 19.685, 21.26, 0, 0, 0],
		[3, "C2_1", 646.9735, -822.5282, "B", "SMD", "GND", "GND", "R", 19.685, 21.26, 0, 0, 90],
		[4, "C2_2", 646.9735, -789.4482, "B", "SMD", "+5V", "", "R", 19.685, 21.26, 0, 0, 90],
		[5, "C3_1", 456.9735, -789.4482, "B", "SMD", "GND", "GND", "R", 19.685, 21.26, 0, 0, 270],
		[6, "C3_2", 456.9735, -822.5282, "B", "SMD", "3V3", "", "R", 19.685, 21.26, 0, 0, 270],
		[7, "LED1_1", 742.28, -677.72, "B", "SMD", "3V3", "", "R", 19.685, 19.685, 0, 0, 0],
		[8, "LED1_2", 742.28, -642.28, "B", "SMD", "NET_1", "", "R", 19.685, 19.685, 0, 0, 0],
		[9, "LED1_3", 777.72, -642.28, "B", "SMD", "GND", "GND", "R", 19.685, 19.685, 0, 0, 0],
		[10, "LED1_4", 777.72, -677.72, "B", "SMD", "LED2", "", "R", 19.685, 19.685, 0, 0, 0],
		[11, "LED2_1", 345, -743.65, "B", "SMD", "$1N16427", "", "R", 39.37, 55.1, 0, 0, 270],
		[12, "LED2_2", 345, -826.35, "B", "SMD", "GND", "GND", "R", 39.37, 55.1, 0, 0, 270],
		[13, "R1_1", 381.6929, -190, "B", "SMD", "$1N16423", "", "R", 22.27, 21.26, 0, 0, 270],
		[14, "R1_2", 381.6929, -224.08, "B", "SMD", "3V3", "", "R", 22.27, 21.26, 0, 0, 270],
		[15, "R2_1", 362.04, -675, "B", "SMD", "LED1", "", "R", 22.27, 21.26, 0, 0, 180],
		[16, "R2_2", 327.96, -675, "B", "SMD", "$1N16427", "", "R", 22.27, 21.26, 0, 0, 180],
		[17, "R3_1", 647.04, -45.748, "B", "SMD", "$1N16438", "", "R", 22.27, 21.26, 0, 0, 180],
		[18, "R3_2", 612.96, -45.748, "B", "SMD", "3V3", "", "R", 22.27, 21.26, 0, 0, 180],
		[19, "R4_1", 325.086, -625, "T", "SMD", "GND", "GND", "R", 22.27, 21.26, 0, 0, 0],
		[20, "R4_2", 359.166, -625, "T", "SMD", "$1N11910", "", "R", 22.27, 21.26, 0, 0, 0],
		[21, "R5_1", 744.771, -625, "T", "SMD", "$1N11906", "", "R", 22.27, 21.26, 0, 0, 0],
		[22, "R5_2", 778.851, -625, "T", "SMD", "GND", "GND", "R", 22.27, 21.26, 0, 0, 0],
		[23, "SW1_1", 486.0279, 143.7402, "B", "SMD", "GND", "GND", "R", 27.559, 43.307, 0, 0, 180],
		[24, "SW1_2", 381.6879, 143.7402, "B", "SMD", "$1N16423", "", "R", 27.559, 43.307, 0, 0, 180],
		[25, "SW1_3", 433.8579, 137.8302, "B", "SMD", "NET_2", "", "R", 55.118, 43.307, 0, 0, 180],
		[26, "SW1_3", 506.6879, 208.7002, "B", "SMD", "NET_3", "", "R", 45.276, 47.244, 0, 0, 180],
		[27, "SW1_3", 361.0279, 208.7002, "B", "SMD", "NET_4", "", "R", 45.276, 47.244, 0, 0, 180],
		[28, "SW1_3", 506.6879, 197.2002, "T", "DIP", "NET_5", "", "C", 31.496, 31.496, 23.622, 23.622, 180],
		[29, "SW1_3", 506.6879, 197.2002, "B", "DIP", "NET_5", "", "C", 31.496, 31.496, 23.622, 23.622, 180],
		[30, "SW1_3", 361.0279, 197.2002, "T", "DIP", "NET_6", "", "C", 31.496, 31.496, 23.622, 23.622, 180],
		[31, "SW1_3", 361.0279, 197.2002, "B", "DIP", "NET_6", "", "C", 31.496, 31.496, 23.622, 23.622, 180],
		[32, "SW2_1", 722.2484, 143.7402, "B", "SMD", "$1N16438", "", "R", 27.559, 43.307, 0, 0, 180],
		[33, "SW2_2", 617.9084, 143.7402, "B", "SMD", "GND", "GND", "R", 27.559, 43.307, 0, 0, 180],
		[34, "SW2_3", 670.0784, 137.8302, "B", "SMD", "NET_7", "", "R", 55.118, 43.307, 0, 0, 180],
		[35, "SW2_3", 742.9084, 208.7002, "B", "SMD", "NET_8", "", "R", 45.276, 47.244, 0, 0, 180],
		[36, "SW2_3", 597.2484, 208.7002, "B", "SMD", "NET_9", "", "R", 45.276, 47.244, 0, 0, 180],
		[37, "SW2_3", 742.9084, 197.2002, "T", "DIP", "NET_10", "", "C", 31.496, 31.496, 23.622, 23.622, 180],
		[38, "SW2_3", 742.9084, 197.2002, "B", "DIP", "NET_10", "", "C", 31.496, 31.496, 23.622, 23.622, 180],
		[39, "SW2_3", 597.2484, 197.2002, "T", "DIP", "NET_11", "", "C", 31.496, 31.496, 23.622, 23.622, 180],
		[40, "SW2_3", 597.2484, 197.2002, "B", "DIP", "NET_11", "", "C", 31.496, 31.496, 23.622, 23.622, 180],
		[41, "U1_1", 275.39, -45.745, "T", "SMD", "GND", "GND", "R", 15.748, 31.496, 0, 0, 90],
		[42, "U1_2", 275.39, -79.205, "T", "SMD", "GND", "GND", "R", 15.748, 31.496, 0, 0, 90],
		[43, "U1_3", 275.39, -112.675, "T", "SMD", "3V3", "", "R", 15.748, 31.496, 0, 0, 90],
		[44, "U1_4", 275.39, -146.135, "T", "SMD", "$1N16423", "", "R", 15.748, 31.496, 0, 0, 90],
		[45, "U1_5", 275.39, -179.605, "T", "SMD", "NET_12", "", "R", 15.748, 31.496, 0, 0, 90],
		[46, "U1_6", 275.39, -213.065, "T", "SMD", "NET_13", "", "R", 15.748, 31.496, 0, 0, 90],
		[47, "U1_7", 275.39, -246.535, "T", "SMD", "NET_14", "", "R", 15.748, 31.496, 0, 0, 90],
		[48, "U1_8", 275.39, -279.995, "T", "SMD", "NET_15", "", "R", 15.748, 31.496, 0, 0, 90],
		[49, "U1_9", 275.39, -313.455, "T", "SMD", "NET_16", "", "R", 15.748, 31.496, 0, 0, 90],
		[50, "U1_10", 275.39, -346.925, "T", "SMD", "NET_17", "", "R", 15.748, 31.496, 0, 0, 90],
		[51, "U1_11", 275.39, -380.385, "T", "SMD", "NET_18", "", "R", 15.748, 31.496, 0, 0, 90],
		[52, "U1_12", 275.39, -413.855, "T", "SMD", "NET_19", "", "R", 15.748, 31.496, 0, 0, 90],
		[53, "U1_13", 275.39, -447.315, "T", "SMD", "NET_20", "", "R", 15.748, 31.496, 0, 0, 90],
		[54, "U1_14", 275.39, -480.785, "T", "SMD", "NET_21", "", "R", 15.748, 31.496, 0, 0, 90],
		[55, "U1_15", 275.39, -514.245, "T", "SMD", "NET_22", "", "R", 15.748, 31.496, 0, 0, 90],
		[56, "U1_16", 315.75, -556.575, "T", "SMD", "LED1", "", "R", 15.748, 31.496, 0, 0, 180],
		[57, "U1_17", 349.21, -556.575, "T", "SMD", "NET_23", "", "R", 15.748, 31.496, 0, 0, 180],
		[58, "U1_18", 382.68, -556.575, "T", "SMD", "NET_24", "", "R", 15.748, 31.496, 0, 0, 180],
		[59, "U1_19", 416.14, -556.575, "T", "SMD", "NET_25", "", "R", 15.748, 31.496, 0, 0, 180],
		[60, "U1_20", 449.61, -556.575, "T", "SMD", "NET_26", "", "R", 15.748, 31.496, 0, 0, 180],
		[61, "U1_21", 483.07, -556.575, "T", "SMD", "NET_27", "", "R", 15.748, 31.496, 0, 0, 180],
		[62, "U1_22", 516.54, -556.575, "T", "SMD", "NET_28", "", "R", 15.748, 31.496, 0, 0, 180],
		[63, "U1_23", 550, -556.575, "T", "SMD", "D-", "", "R", 15.748, 31.496, 0, 0, 180],
		[64, "U1_24", 583.46, -556.575, "T", "SMD", "D+", "", "R", 15.748, 31.496, 0, 0, 180],
		[65, "U1_25", 616.93, -556.575, "T", "SMD", "NET_29", "", "R", 15.748, 31.496, 0, 0, 180],
		[66, "U1_26", 650.39, -556.575, "T", "SMD", "NET_30", "", "R", 15.748, 31.496, 0, 0, 180],
		[67, "U1_27", 683.86, -556.575, "T", "SMD", "NET_31", "", "R", 15.748, 31.496, 0, 0, 180],
		[68, "U1_28", 717.32, -556.575, "T", "SMD", "NET_32", "", "R", 15.748, 31.496, 0, 0, 180],
		[69, "U1_29", 750.79, -556.575, "T", "SMD", "NET_33", "", "R", 15.748, 31.496, 0, 0, 180],
		[70, "U1_30", 784.25, -556.575, "T", "SMD", "LED2", "", "R", 15.748, 31.496, 0, 0, 180],
		[71, "U1_31", 824.61, -514.245, "T", "SMD", "NET_34", "", "R", 15.748, 31.496, 0, 0, 270],
		[72, "U1_32", 824.61, -480.785, "T", "SMD", "NET_35", "", "R", 15.748, 31.496, 0, 0, 270],
		[73, "U1_33", 824.61, -447.315, "T", "SMD", "NET_36", "", "R", 15.748, 31.496, 0, 0, 270],
		[74, "U1_34", 824.61, -413.855, "T", "SMD", "NET_37", "", "R", 15.748, 31.496, 0, 0, 270],
		[75, "U1_35", 824.61, -380.385, "T", "SMD", "NET_38", "", "R", 15.748, 31.496, 0, 0, 270],
		[76, "U1_36", 824.61, -346.925, "T", "SMD", "NET_39", "", "R", 15.748, 31.496, 0, 0, 270],
		[77, "U1_37", 824.61, -313.455, "T", "SMD", "NET_40", "", "R", 15.748, 31.496, 0, 0, 270],
		[78, "U1_38", 824.61, -279.995, "T", "SMD", "NET_41", "", "R", 15.748, 31.496, 0, 0, 270],
		[79, "U1_39", 824.61, -246.535, "T", "SMD", "NET_42", "", "R", 15.748, 31.496, 0, 0, 270],
		[80, "U1_40", 824.61, -213.065, "T", "SMD", "NET_43", "", "R", 15.748, 31.496, 0, 0, 270],
		[81, "U1_41", 824.61, -179.605, "T", "SMD", "NET_44", "", "R", 15.748, 31.496, 0, 0, 270],
		[82, "U1_42", 824.61, -146.135, "T", "SMD", "GND", "GND", "R", 15.748, 31.496, 0, 0, 270],
		[83, "U1_43", 824.61, -112.675, "T", "SMD", "GND", "GND", "R", 15.748, 31.496, 0, 0, 270],
		[84, "U1_44", 824.61, -79.205, "T", "SMD", "NET_45", "", "R", 15.748, 31.496, 0, 0, 270],
		[85, "U1_45", 824.61, -45.745, "T", "SMD", "$1N16438", "", "R", 15.748, 31.496, 0, 0, 270],
		[86, "U1_46", 784.25, -3.425, "T", "SMD", "GND", "GND", "R", 15.748, 31.496, 0, 0, 0],
		[87, "U1_47", 750.79, -3.425, "T", "SMD", "GND", "GND", "R", 15.748, 31.496, 0, 0, 0],
		[88, "U1_48", 717.32, -3.425, "T", "SMD", "GND", "GND", "R", 15.748, 31.496, 0, 0, 0],
		[89, "U1_49", 683.86, -3.425, "T", "SMD", "GND", "GND", "R", 15.748, 31.496, 0, 0, 0],
		[90, "U1_50", 650.39, -3.425, "T", "SMD", "GND", "GND", "R", 15.748, 31.496, 0, 0, 0],
		[91, "U1_51", 616.93, -3.425, "T", "SMD", "GND", "GND", "R", 15.748, 31.496, 0, 0, 0],
		[92, "U1_52", 583.46, -3.425, "T", "SMD", "GND", "GND", "R", 15.748, 31.496, 0, 0, 0],
		[93, "U1_53", 550, -3.425, "T", "SMD", "GND", "GND", "R", 15.748, 31.496, 0, 0, 0],
		[94, "U1_54", 516.54, -3.425, "T", "SMD", "GND", "GND", "R", 15.748, 31.496, 0, 0, 0],
		[95, "U1_55", 483.07, -3.425, "T", "SMD", "GND", "GND", "R", 15.748, 31.496, 0, 0, 0],
		[96, "U1_56", 449.61, -3.425, "T", "SMD", "GND", "GND", "R", 15.748, 31.496, 0, 0, 0],
		[97, "U1_57", 416.14, -3.425, "T", "SMD", "GND", "GND", "R", 15.748, 31.496, 0, 0, 0],
		[98, "U1_58", 382.68, -3.425, "T", "SMD", "GND", "GND", "R", 15.748, 31.496, 0, 0, 0],
		[99, "U1_59", 349.21, -3.425, "T", "SMD", "GND", "GND", "R", 15.748, 31.496, 0, 0, 0],
		[100, "U1_60", 315.75, -3.425, "T", "SMD", "GND", "GND", "R", 15.748, 31.496, 0, 0, 0],
		[101, "U1_GND", 274.41, -4.405, "T", "SMD", "GND", "GND", "R", 31.496, 31.496, 0, 0, 90],
		[102, "U1_GND", 825.59, -4.405, "T", "SMD", "GND", "GND", "R", 31.496, 31.496, 0, 0, 90],
		[103, "U1_GND", 274.41, -555.585, "T", "SMD", "GND", "GND", "R", 31.496, 31.496, 0, 0, 90],
		[104, "U1_GND", 825.59, -555.585, "T", "SMD", "GND", "GND", "R", 31.496, 31.496, 0, 0, 90],
		[105, "U1_GND", 485.04, -215.035, "T", "SMD", "GND", "GND", "R", 47.244, 47.244, 0, 0, 90],
		[106, "U1_GND", 550, -215.035, "T", "SMD", "GND", "GND", "R", 47.244, 47.244, 0, 0, 90],
		[107, "U1_GND", 614.96, -215.035, "T", "SMD", "GND", "GND", "R", 47.244, 47.244, 0, 0, 90],
		[108, "U1_GND", 485.04, -279.995, "T", "SMD", "GND", "GND", "R", 47.244, 47.244, 0, 0, 90],
		[109, "U1_GND", 550, -279.995, "T", "SMD", "GND", "GND", "R", 47.244, 47.244, 0, 0, 90],
		[110, "U1_GND", 614.96, -279.995, "T", "SMD", "GND", "GND", "R", 47.244, 47.244, 0, 0, 90],
		[111, "U1_GND", 485.04, -344.955, "T", "SMD", "GND", "GND", "R", 47.244, 47.244, 0, 0, 90],
		[112, "U1_GND", 550, -344.955, "T", "SMD", "GND", "GND", "R", 47.244, 47.244, 0, 0, 90],
		[113, "U1_GND", 614.96, -344.955, "T", "SMD", "GND", "GND", "R", 47.244, 47.244, 0, 0, 90],
		[114, "U2_1", 514.5685, -754.8032, "B", "SMD", "+5V", "", "R", 39.37, 23.622, 0, 0, 90],
		[115, "U2_2", 551.9685, -754.8032, "B", "SMD", "GND", "GND", "R", 39.37, 23.622, 0, 0, 90],
		[116, "U2_3", 589.3785, -754.8032, "B", "SMD", "+5V", "", "R", 39.37, 23.622, 0, 0, 90],
		[117, "U2_4", 589.3785, -857.1732, "B", "SMD", "NET_46", "", "R", 39.37, 23.622, 0, 0, 90],
		[118, "U2_5", 514.5685, -857.1732, "B", "SMD", "3V3", "", "R", 39.37, 23.622, 0, 0, 90],
		[119, "USB1_17", 761.8085, -690.0897, "T", "SMD", "GND", "GND", "R", 79.528, 59.055, 0, 0, 0],
		[120, "USB1_18", 761.8085, -847.5697, "T", "SMD", "GND", "GND", "R", 79.528, 59.055, 0, 0, 0],
		[121, "USB1_19", 342.1285, -847.5697, "T", "SMD", "GND", "GND", "R", 79.528, 59.055, 0, 0, 0],
		[122, "USB1_20", 342.1285, -690.0897, "T", "SMD", "GND", "GND", "R", 79.528, 59.055, 0, 0, 0],
		[123, "USB1_A1", 425.9885, -667.4697, "T", "SMD", "GND", "GND", "R", 19.685, 45.276, 0, 0, 0],
		[124, "USB1_A12", 677.9585, -667.4697, "T", "SMD", "GND", "GND", "R", 19.685, 45.276, 0, 0, 0],
		[125, "USB1_A4", 457.4785, -667.4697, "T", "SMD", "+5V", "", "R", 19.685, 45.276, 0, 0, 0],
		[126, "USB1_A5", 502.7585, -667.4697, "T", "SMD", "$1N11910", "", "R", 10.236, 45.276, 0, 0, 0],
		[127, "USB1_A6", 542.1285, -667.4697, "T", "SMD", "D+", "", "R", 10.236, 45.276, 0, 0, 0],
		[128, "USB1_A7", 561.8085, -667.4697, "T", "SMD", "D-", "", "R", 10.236, 45.276, 0, 0, 0],
		[129, "USB1_A8", 601.1685, -667.4697, "T", "SMD", "NET_47", "", "R", 10.236, 45.276, 0, 0, 0],
		[130, "USB1_A9", 646.4585, -667.4697, "T", "SMD", "+5V", "", "R", 19.685, 45.276, 0, 0, 0],
		[131, "USB1_B5", 620.8685, -667.4697, "T", "SMD", "$1N11906", "", "R", 10.236, 45.276, 0, 0, 0],
		[132, "USB1_B6", 581.4985, -667.4697, "T", "SMD", "D+", "", "R", 10.236, 45.276, 0, 0, 0],
		[133, "USB1_B7", 522.4385, -667.4697, "T", "SMD", "D-", "", "R", 10.236, 45.276, 0, 0, 0],
		[134, "USB1_B8", 483.0685, -667.4697, "T", "SMD", "NET_48", "", "R", 10.236, 45.276, 0, 0, 0],
		[135, "PAD1_2", 647.0472, -95, "B", "SMD", "$1N16438", "", "R", 19.685, 21.26, 0, 0, 0],
		[136, "PAD2_1", 613.9672, -95, "B", "SMD", "GND", "GND", "R", 19.685, 21.26, 0, 0, 0],
		[137, "PAD3_2", 345, -826.35, "B", "SMD", "GND", "GND", "R", 39.37, 55.1, 0, 0, 270],
		[138, "PAD4_1", 345, -743.65, "B", "SMD", "$1N16427", "", "R", 39.37, 55.1, 0, 0, 270],
		[139, "PAD5_1", 742.28, -677.72, "B", "SMD", "3V3", "", "R", 19.685, 19.685, 0, 0, 0],
		[140, "PAD6_4", 777.72, -677.72, "B", "SMD", "LED2", "", "R", 19.685, 19.685, 0, 0, 0],
		[141, "PAD7_3", 777.72, -642.28, "B", "SMD", "GND", "GND", "R", 19.685, 19.685, 0, 0, 0],
		[142, "PAD8_2", 612.96, -45.748, "B", "SMD", "3V3", "", "R", 22.27, 21.26, 0, 0, 180],
		[143, "PAD9_1", 647.04, -45.748, "B", "SMD", "$1N16438", "", "R", 22.27, 21.26, 0, 0, 180],
		[144, "PAD10_2", 359.166, -625, "T", "SMD", "$1N11910", "", "R", 22.27, 21.26, 0, 0, 0],
		[145, "PAD11_1", 325.086, -625, "T", "SMD", "GND", "GND", "R", 22.27, 21.26, 0, 0, 0],
		[146, "PAD12_2", 778.851, -625, "T", "SMD", "GND", "GND", "R", 22.27, 21.26, 0, 0, 0],
		[147, "PAD13_1", 744.771, -625, "T", "SMD", "$1N11906", "", "R", 22.27, 21.26, 0, 0, 0],
		[148, "PAD14_2", 327.96, -675, "B", "SMD", "$1N16427", "", "R", 22.27, 21.26, 0, 0, 180],
		[149, "PAD15_1", 362.04, -675, "B", "SMD", "LED1", "", "R", 22.27, 21.26, 0, 0, 180],
		[150, "PAD16_2", 381.6929, -224.08, "B", "SMD", "3V3", "", "R", 22.27, 21.26, 0, 0, 270],
		[151, "PAD17_1", 381.6929, -190, "B", "SMD", "$1N16423", "", "R", 22.27, 21.26, 0, 0, 270],
		[152, "PAD18_1", 275.39, -45.745, "T", "SMD", "GND", "GND", "R", 15.748, 31.496, 0, 0, 90],
		[153, "PAD19_2", 275.39, -79.205, "T", "SMD", "GND", "GND", "R", 15.748, 31.496, 0, 0, 90],
		[154, "PAD20_3", 275.39, -112.675, "T", "SMD", "3V3", "", "R", 15.748, 31.496, 0, 0, 90],
		[155, "PAD21_4", 275.39, -146.135, "T", "SMD", "$1N16423", "", "R", 15.748, 31.496, 0, 0, 90],
		[156, "PAD22_16", 315.75, -556.575, "T", "SMD", "LED1", "", "R", 15.748, 31.496, 0, 0, 180],
		[157, "PAD23_23", 550, -556.575, "T", "SMD", "D-", "", "R", 15.748, 31.496, 0, 0, 180],
		[158, "PAD24_24", 583.46, -556.575, "T", "SMD", "D+", "", "R", 15.748, 31.496, 0, 0, 180],
		[159, "PAD25_30", 784.25, -556.575, "T", "SMD", "LED2", "", "R", 15.748, 31.496, 0, 0, 180],
		[160, "PAD26_42", 824.61, -146.135, "T", "SMD", "GND", "GND", "R", 15.748, 31.496, 0, 0, 270],
		[161, "PAD27_43", 824.61, -112.675, "T", "SMD", "GND", "GND", "R", 15.748, 31.496, 0, 0, 270],
		[162, "PAD28_45", 824.61, -45.745, "T", "SMD", "$1N16438", "", "R", 15.748, 31.496, 0, 0, 270],
		[163, "PAD29_46", 784.25, -3.425, "T", "SMD", "GND", "GND", "R", 15.748, 31.496, 0, 0, 0],
		[164, "PAD30_47", 750.79, -3.425, "T", "SMD", "GND", "GND", "R", 15.748, 31.496, 0, 0, 0],
		[165, "PAD31_48", 717.32, -3.425, "T", "SMD", "GND", "GND", "R", 15.748, 31.496, 0, 0, 0],
		[166, "PAD32_49", 683.86, -3.425, "T", "SMD", "GND", "GND", "R", 15.748, 31.496, 0, 0, 0],
		[167, "PAD33_50", 650.39, -3.425, "T", "SMD", "GND", "GND", "R", 15.748, 31.496, 0, 0, 0],
		[168, "PAD34_51", 616.93, -3.425, "T", "SMD", "GND", "GND", "R", 15.748, 31.496, 0, 0, 0],
		[169, "PAD35_52", 583.46, -3.425, "T", "SMD", "GND", "GND", "R", 15.748, 31.496, 0, 0, 0],
		[170, "PAD36_53", 550, -3.425, "T", "SMD", "GND", "GND", "R", 15.748, 31.496, 0, 0, 0],
		[171, "PAD37_54", 516.54, -3.425, "T", "SMD", "GND", "GND", "R", 15.748, 31.496, 0, 0, 0],
		[172, "PAD38_55", 483.07, -3.425, "T", "SMD", "GND", "GND", "R", 15.748, 31.496, 0, 0, 0],
		[173, "PAD39_56", 449.61, -3.425, "T", "SMD", "GND", "GND", "R", 15.748, 31.496, 0, 0, 0],
		[174, "PAD40_57", 416.14, -3.425, "T", "SMD", "GND", "GND", "R", 15.748, 31.496, 0, 0, 0],
		[175, "PAD41_58", 382.68, -3.425, "T", "SMD", "GND", "GND", "R", 15.748, 31.496, 0, 0, 0],
		[176, "PAD42_59", 349.21, -3.425, "T", "SMD", "GND", "GND", "R", 15.748, 31.496, 0, 0, 0],
		[177, "PAD43_60", 315.75, -3.425, "T", "SMD", "GND", "GND", "R", 15.748, 31.496, 0, 0, 0],
		[178, "PAD44_GND", 274.41, -4.405, "T", "SMD", "GND", "GND", "R", 31.496, 31.496, 0, 0, 90],
		[179, "PAD45_GND", 825.59, -4.405, "T", "SMD", "GND", "GND", "R", 31.496, 31.496, 0, 0, 90],
		[180, "PAD46_GND", 274.41, -555.585, "T", "SMD", "GND", "GND", "R", 31.496, 31.496, 0, 0, 90],
		[181, "PAD47_GND", 825.59, -555.585, "T", "SMD", "GND", "GND", "R", 31.496, 31.496, 0, 0, 90],
		[182, "PAD48_GND", 485.04, -215.035, "T", "SMD", "GND", "GND", "R", 47.244, 47.244, 0, 0, 90],
		[183, "PAD49_GND", 550, -215.035, "T", "SMD", "GND", "GND", "R", 47.244, 47.244, 0, 0, 90],
		[184, "PAD50_GND", 614.96, -215.035, "T", "SMD", "GND", "GND", "R", 47.244, 47.244, 0, 0, 90],
		[185, "PAD51_GND", 485.04, -279.995, "T", "SMD", "GND", "GND", "R", 47.244, 47.244, 0, 0, 90],
		[186, "PAD52_GND", 550, -279.995, "T", "SMD", "GND", "GND", "R", 47.244, 47.244, 0, 0, 90],
		[187, "PAD53_GND", 614.96, -279.995, "T", "SMD", "GND", "GND", "R", 47.244, 47.244, 0, 0, 90],
		[188, "PAD54_GND", 485.04, -344.955, "T", "SMD", "GND", "GND", "R", 47.244, 47.244, 0, 0, 90],
		[189, "PAD55_GND", 550, -344.955, "T", "SMD", "GND", "GND", "R", 47.244, 47.244, 0, 0, 90],
		[190, "PAD56_GND", 614.96, -344.955, "T", "SMD", "GND", "GND", "R", 47.244, 47.244, 0, 0, 90],
		[191, "PAD57_A5", 502.7585, -667.4697, "T", "SMD", "$1N11910", "", "R", 10.236, 45.276, 0, 0, 0],
		[192, "PAD58_B7", 522.4385, -667.4697, "T", "SMD", "D-", "", "R", 10.236, 45.276, 0, 0, 0],
		[193, "PAD59_A6", 542.1285, -667.4697, "T", "SMD", "D+", "", "R", 10.236, 45.276, 0, 0, 0],
		[194, "PAD60_A7", 561.8085, -667.4697, "T", "SMD", "D-", "", "R", 10.236, 45.276, 0, 0, 0],
		[195, "PAD61_B6", 581.4985, -667.4697, "T", "SMD", "D+", "", "R", 10.236, 45.276, 0, 0, 0],
		[196, "PAD62_B5", 620.8685, -667.4697, "T", "SMD", "$1N11906", "", "R", 10.236, 45.276, 0, 0, 0],
		[197, "PAD63_19", 342.1285, -847.5697, "T", "SMD", "GND", "GND", "R", 79.528, 59.055, 0, 0, 0],
		[198, "PAD64_18", 761.8085, -847.5697, "T", "SMD", "GND", "GND", "R", 79.528, 59.055, 0, 0, 0],
		[199, "PAD65_17", 761.8085, -690.0897, "T", "SMD", "GND", "GND", "R", 79.528, 59.055, 0, 0, 0],
		[200, "PAD66_20", 342.1285, -690.0897, "T", "SMD", "GND", "GND", "R", 79.528, 59.055, 0, 0, 0],
		[201, "PAD67_A1", 425.9885, -667.4697, "T", "SMD", "GND", "GND", "R", 19.685, 45.276, 0, 0, 0],
		[202, "PAD68_A4", 457.4785, -667.4697, "T", "SMD", "+5V", "", "R", 19.685, 45.276, 0, 0, 0],
		[203, "PAD69_A9", 646.4585, -667.4697, "T", "SMD", "+5V", "", "R", 19.685, 45.276, 0, 0, 0],
		[204, "PAD70_A12", 677.9585, -667.4697, "T", "SMD", "GND", "GND", "R", 19.685, 45.276, 0, 0, 0],
		[205, "PAD71_1", 275.39, -45.745, "T", "DIP", "GND", "GND", "R", 31.4961, 15.748, 11.811, 11.811, 0],
		[206, "PAD71_1", 275.39, -45.745, "B", "DIP", "GND", "GND", "R", 31.4961, 15.748, 11.811, 11.811, 0],
		[207, "PAD72_1", 275.39, -79.205, "T", "DIP", "GND", "GND", "R", 31.4961, 15.748, 11.811, 11.811, 0],
		[208, "PAD72_1", 275.39, -79.205, "B", "DIP", "GND", "GND", "R", 31.4961, 15.748, 11.811, 11.811, 0],
		[209, "PAD73_1", 275.39, -112.675, "T", "DIP", "3V3", "", "R", 31.4961, 15.748, 11.811, 11.811, 0],
		[210, "PAD73_1", 275.39, -112.675, "B", "DIP", "3V3", "", "R", 31.4961, 15.748, 11.811, 11.811, 0],
		[211, "PAD74_1", 275.39, -146.135, "T", "DIP", "$1N16423", "", "R", 31.4961, 15.748, 11.811, 11.811, 0],
		[212, "PAD74_1", 275.39, -146.135, "B", "DIP", "$1N16423", "", "R", 31.4961, 15.748, 11.811, 11.811, 0],
		[213, "PAD75_1", 315.75, -556.575, "T", "DIP", "LED1", "", "R", 31.4961, 15.748, 11.811, 11.811, 90],
		[214, "PAD75_1", 315.75, -556.575, "B", "DIP", "LED1", "", "R", 31.4961, 15.748, 11.811, 11.811, 90],
		[215, "PAD76_1", 824.61, -146.135, "T", "DIP", "GND", "GND", "R", 31.4961, 15.748, 11.811, 11.811, 0],
		[216, "PAD76_1", 824.61, -146.135, "B", "DIP", "GND", "GND", "R", 31.4961, 15.748, 11.811, 11.811, 0],
		[217, "PAD77_1", 824.61, -112.675, "T", "DIP", "GND", "GND", "R", 31.4961, 15.748, 11.811, 11.811, 0],
		[218, "PAD77_1", 824.61, -112.675, "B", "DIP", "GND", "GND", "R", 31.4961, 15.748, 11.811, 11.811, 0],
		[219, "PAD78_1", 824.61, -45.745, "T", "DIP", "$1N16438", "", "R", 31.4961, 15.748, 11.811, 11.811, 0],
		[220, "PAD78_1", 824.61, -45.745, "B", "DIP", "$1N16438", "", "R", 31.4961, 15.748, 11.811, 11.811, 0],
		[221, "PAD79_1", 784.25, -556.575, "T", "DIP", "LED2", "", "R", 31.4961, 15.748, 11.811, 11.811, 90],
		[222, "PAD79_1", 784.25, -556.575, "B", "DIP", "LED2", "", "R", 31.4961, 15.748, 11.811, 11.811, 90],
		[223, "PAD80_1", 825.59, -555.585, "T", "DIP", "GND", "GND", "R", 31.4961, 31.4961, 11.811, 11.811, 0],
		[224, "PAD80_1", 825.59, -555.585, "B", "DIP", "GND", "GND", "R", 31.4961, 31.4961, 11.811, 11.811, 0],
		[225, "PAD81_1", 274.41, -555.585, "T", "DIP", "GND", "GND", "R", 31.4961, 31.4961, 11.811, 11.811, 0],
		[226, "PAD81_1", 274.41, -555.585, "B", "DIP", "GND", "GND", "R", 31.4961, 31.4961, 11.811, 11.811, 0],
		[227, "PAD82_1", 274.41, -4.405, "T", "DIP", "GND", "GND", "R", 31.4961, 31.4961, 11.811, 11.811, 0],
		[228, "PAD82_1", 274.41, -4.405, "B", "DIP", "GND", "GND", "R", 31.4961, 31.4961, 11.811, 11.811, 0],
		[229, "PAD83_1", 825.59, -4.405, "T", "DIP", "GND", "GND", "R", 31.4961, 31.4961, 11.811, 11.811, 0],
		[230, "PAD83_1", 825.59, -4.405, "B", "DIP", "GND", "GND", "R", 31.4961, 31.4961, 11.811, 11.811, 0],
		[231, "PAD84_1", 514.5685, -754.8032, "B", "SMD", "+5V", "", "R", 39.37, 23.622, 0, 0, 90],
		[232, "PAD85_2", 551.9685, -754.8032, "B", "SMD", "GND", "GND", "R", 39.37, 23.622, 0, 0, 90],
		[233, "PAD86_3", 589.3785, -754.8032, "B", "SMD", "+5V", "", "R", 39.37, 23.622, 0, 0, 90],
		[234, "PAD87_5", 514.5685, -857.1732, "B", "SMD", "3V3", "", "R", 39.37, 23.622, 0, 0, 90],
		[235, "PAD88_2", 646.9735, -789.4482, "B", "SMD", "+5V", "", "R", 19.685, 21.26, 0, 0, 90],
		[236, "PAD89_1", 646.9735, -822.5282, "B", "SMD", "GND", "GND", "R", 19.685, 21.26, 0, 0, 90],
		[237, "PAD90_2", 456.9735, -822.5282, "B", "SMD", "3V3", "", "R", 19.685, 21.26, 0, 0, 270],
		[238, "PAD91_1", 456.9735, -789.4482, "B", "SMD", "GND", "GND", "R", 19.685, 21.26, 0, 0, 270],
		[239, "PAD92_1", 722.2484, 143.7402, "B", "SMD", "$1N16438", "", "R", 27.559, 43.307, 0, 0, 180],
		[240, "PAD93_2", 617.9084, 143.7402, "B", "SMD", "GND", "GND", "R", 27.559, 43.307, 0, 0, 180],
		[241, "PAD94_1", 486.0279, 143.7402, "B", "SMD", "GND", "GND", "R", 27.559, 43.307, 0, 0, 180],
		[242, "PAD95_2", 381.6879, 143.7402, "B", "SMD", "$1N16423", "", "R", 27.559, 43.307, 0, 0, 180]
	]
}
}